{
  "n_samples": 34908,
  "target_stats": {
    "mean": 10.678030054567413,
    "std": 1.2406415194229232,
    "min": 7.944088923361909,
    "max": 13.417662029249863,
    "q25": 9.802149821680114,
    "q50": 10.71935468410646,
    "q75": 11.510034242810203
  },
  "feature_stats": {
    "age": {
      "dtype": "numeric",
      "mean": -7.816214350059542e-17,
      "std": 1.0000143236720174,
      "min": -1.5111501987281097,
      "max": 1.7726353734021658,
      "q25": -0.9400570557489314,
      "q50": -0.012030698407766589,
      "q75": 0.8446090160610009
    },
    "sex": {
      "dtype": "numeric",
      "mean": 0.5061876933654177,
      "std": 0.4999688722723362,
      "min": 0.0,
      "max": 1.0,
      "q25": 0.0,
      "q50": 1.0,
      "q75": 1.0
    },
    "bmi": {
      "dtype": "numeric",
      "mean": 6.49112176102601e-16,
      "std": 1.0000143236720174,
      "min": -2.4180482792063063,
      "max": 3.6994905608108613,
      "q25": -0.7205779980300877,
      "q50": -0.05340871761553985,
      "q75": 0.6583077078774319
    },
    "smoker": {
      "dtype": "numeric",
      "mean": 0.2066002062564455,
      "std": 0.40487190176522114,
      "min": 0.0,
      "max": 1.0,
      "q25": 0.0,
      "q50": 0.0,
      "q75": 0.0
    },
    "bmi_squared": {
      "dtype": "numeric",
      "mean": -2.8862999865584454e-16,
      "std": 1.0000143236720174,
      "min": -1.87301153970169,
      "max": 4.7902439581033285,
      "q25": -0.7424798735835962,
      "q50": -0.14709131847017132,
      "q75": 0.5820124976660943
    },
    "high_bmi": {
      "dtype": "numeric",
      "mean": 0.526011229517589,
      "std": 0.4993301096907823,
      "min": 0.0,
      "max": 1.0,
      "q25": 0.0,
      "q50": 1.0,
      "q75": 1.0
    },
    "smoker_children": {
      "dtype": "numeric",
      "mean": -1.2009287673268567e-17,
      "std": 1.0000143236720171,
      "min": -0.43301028659289853,
      "max": 5.616828850643404,
      "q25": -0.43301028659289853,
      "q50": -0.43301028659289853,
      "q75": -0.43301028659289853
    },
    "bmi_age_interaction": {
      "dtype": "numeric",
      "mean": -1.3841212911563771e-17,
      "std": 1.0000143236720174,
      "min": -5.057667583931409,
      "max": 5.725808446069733,
      "q25": -0.4858176360406507,
      "q50": -0.03367616758619408,
      "q75": 0.4632195699843866
    },
    "is_high_risk": {
      "dtype": "numeric",
      "mean": 0.027099805202245905,
      "std": 0.1623766025771724,
      "min": 0.0,
      "max": 1.0,
      "q25": 0.0,
      "q50": 0.0,
      "q75": 0.0
    },
    "smoker_bmi_squared": {
      "dtype": "numeric",
      "mean": -6.432093058903165e-17,
      "std": 1.0000143236720174,
      "min": -0.4645592894223585,
      "max": 5.879307746349069,
      "q25": -0.4645592894223585,
      "q50": -0.4645592894223585,
      "q75": -0.4645592894223585
    },
    "smoker_age_exponential": {
      "dtype": "numeric",
      "mean": -9.322463990435599e-17,
      "std": 1.0000143236720171,
      "min": -0.4010764928383153,
      "max": 5.088966682495844,
      "q25": -0.4010764928383153,
      "q50": -0.4010764928383153,
      "q75": -0.4010764928383153
    },
    "senior_obese_smoker": {
      "dtype": "numeric",
      "mean": 0.016471868912570183,
      "std": 0.12728319037896849,
      "min": 0.0,
      "max": 1.0,
      "q25": 0.0,
      "q50": 0.0,
      "q75": 0.0
    },
    "very_obese_senior": {
      "dtype": "numeric",
      "mean": 0.037842328406096026,
      "std": 0.19081752973030983,
      "min": 0.0,
      "max": 1.0,
      "q25": 0.0,
      "q50": 0.0,
      "q75": 0.0
    },
    "nonsmoker_compound_risk": {
      "dtype": "numeric",
      "mean": 4.518748921128172e-17,
      "std": 1.0000143236720174,
      "min": -0.7510936429555886,
      "max": 7.391614591895963,
      "q25": -0.7510936429555886,
      "q50": -0.4410484452616542,
      "q75": 0.48527221867721637
    },
    "nonsmoker_chronic_proxy": {
      "dtype": "numeric",
      "mean": -5.220986929141334e-17,
      "std": 1.0000143236720174,
      "min": -0.4730089230736762,
      "max": 3.984793557235366,
      "q25": -0.4730089230736762,
      "q50": -0.4730089230736762,
      "q75": -0.4730089230736762
    },
    "family_health_burden": {
      "dtype": "numeric",
      "mean": 1.3841212911563771e-17,
      "std": 1.0000143236720174,
      "min": -0.888282812626473,
      "max": 3.6020890324925823,
      "q25": -0.888282812626473,
      "q50": -0.3125941145342865,
      "q75": 0.8387832816500865
    },
    "chronic_condition_proxy": {
      "dtype": "numeric",
      "mean": -3.256755979191476e-17,
      "std": 1.0000143236720174,
      "min": -0.43986961626667304,
      "max": 3.8817201479204004,
      "q25": -0.43986961626667304,
      "q50": -0.43986961626667304,
      "q75": -0.43986961626667304
    },
    "smoker_adjusted_bmi": {
      "dtype": "numeric",
      "mean": -3.7534112660181756e-16,
      "std": 1.0000143236720174,
      "min": -1.9278046366645907,
      "max": 4.867875244571693,
      "q25": -0.6812278471324542,
      "q50": -0.1627210369284463,
      "q75": 0.4644804639208805
    },
    "minimal_risk_profile": {
      "dtype": "numeric",
      "mean": 0.0267273977311791,
      "std": 0.1612879076423731,
      "min": 0.0,
      "max": 1.0,
      "q25": 0.0,
      "q50": 0.0,
      "q75": 0.0
    },
    "age_cost_floor": {
      "dtype": "numeric",
      "mean": -1.2701348318846754e-16,
      "std": 1.0000143236720171,
      "min": -1.284043810961492,
      "max": 0.9581801019297548,
      "q25": -1.284043810961492,
      "q50": -0.38715424580499325,
      "q75": 0.9581801019297548
    },
    "youth_nonsmoker_discount": {
      "dtype": "numeric",
      "mean": 3.582431577110623e-17,
      "std": 1.0000143236720174,
      "min": -0.5882705633567716,
      "max": 2.4409887412100058,
      "q25": -0.5882705633567716,
      "q50": -0.5882705633567716,
      "q75": 0.30268805563345696
    },
    "extreme_health_burden": {
      "dtype": "numeric",
      "mean": 1.1195098678470697e-17,
      "std": 1.0000143236720174,
      "min": -0.09934699460549881,
      "max": 34.83527865180221,
      "q25": -0.09934699460549881,
      "q50": -0.09934699460549881,
      "q75": -0.09934699460549881
    },
    "high_bmi_age_acceleration": {
      "dtype": "numeric",
      "mean": 9.566720688874959e-18,
      "std": 1.0000143236720174,
      "min": -0.12117193674547876,
      "max": 11.884733260492686,
      "q25": -0.12117193674547876,
      "q50": -0.12117193674547876,
      "q75": -0.12117193674547876
    },
    "age_bmi_stress": {
      "dtype": "numeric",
      "mean": 3.114272905101849e-17,
      "std": 1.0000143236720174,
      "min": -0.10590947385120666,
      "max": 47.27707196826869,
      "q25": -0.10590947385120666,
      "q50": -0.10590947385120666,
      "q75": -0.10590947385120666
    },
    "severe_risk_profile": {
      "dtype": "numeric",
      "mean": 0.0030651999541652345,
      "std": 0.05528012341444332,
      "min": 0.0,
      "max": 1.0,
      "q25": 0.0,
      "q50": 0.0,
      "q75": 0.0
    },
    "smoker_extreme_bmi_age": {
      "dtype": "numeric",
      "mean": 0.019880829609258622,
      "std": 0.1395927664224824,
      "min": 0.0,
      "max": 1.0,
      "q25": 0.0,
      "q50": 0.0,
      "q75": 0.0
    },
    "region_northwest": {
      "dtype": "numeric",
      "mean": 0.23879912913945228,
      "std": 0.42635585189406033,
      "min": 0.0,
      "max": 1.0,
      "q25": 0.0,
      "q50": 0.0,
      "q75": 0.0
    },
    "region_southeast": {
      "dtype": "numeric",
      "mean": 0.27349031740575225,
      "std": 0.4457567226290206,
      "min": 0.0,
      "max": 1.0,
      "q25": 0.0,
      "q50": 0.0,
      "q75": 1.0
    },
    "region_southwest": {
      "dtype": "numeric",
      "mean": 0.24521599633321875,
      "std": 0.43022135431701103,
      "min": 0.0,
      "max": 1.0,
      "q25": 0.0,
      "q50": 0.0,
      "q75": 0.0
    },